{
  "project_info": {
    "project_number": "133779684847",
    "project_id": "pilly-ecfd6",
    "storage_bucket": "pilly-ecfd6.firebasestorage.app"
  },
  "client": [
    {
      "client_info": {
        "mobilesdk_app_id": "1:133779684847:android:316db9cbfb70d72bba0a1a",
        "android_client_info": {
          "package_name": "com.example.pilly"
        }
      },
      "oauth_client": [],
      "api_key": [
        {
          "current_key": "AIzaSyCxBPQTCVdjq0R8QpAUPjTKMyGoF8GmCoI"
        }
      ],
      "services": {
        "appinvite_service": {
          "other_platform_oauth_client": []
        }
      }
    }
  ],
  "configuration_version": "1"
}